[
  {
    "productid": "FI-SW-01",
    "productname": "Koi"
  },
  {
    "productid": "K9-DL-01",
    "productname": "Dalmation"
  },
  {
    "productid": "RP-SN-01",
    "productname": "Rattlesnake"
  },
  {
    "productid": "RP-LI-02",
    "productname": "Iguana"
  },
  {
    "productid": "FL-DSH-01",
    "productname": "Manx"
  },
  {
    "productid": "FL-DLH-02",
    "productname": "Persian"
  },
  {
    "productid": "AV-CB-01",
    "productname": "Amazon Parrot"
  }
]
