<?xml version="1.0" encoding="UTF-8"?>
<beans xmlns="http://www.springframework.org/schema/beans"
       xmlns:mvc="http://www.springframework.org/schema/mvc"
       xmlns:context="http://www.springframework.org/schema/context"
       xmlns:xsi="http://www.w3.org/2001/XMLSchema-instance"
       xsi:schemaLocation="http://www.springframework.org/schema/beans
           http://www.springframework.org/schema/beans/spring-beans.xsd
         http://www.springframework.org/schema/mvc
        http://www.springframework.org/schema/mvc/spring-mvc.xsd
         http://www.springframework.org/schema/context
         http://www.springframework.org/schema/context/spring-context.xsd">

    <!-- 配置创建 spring 容器要扫描的包 -->
    <context:component-scan base-package="club.banyuan"></context:component-scan>

    <!-- <context:component-scan base-package="com.spring.controller" /> -->
    <!--view -->
    <!-- 获取配置文件 -->
    <bean id="config"
          class="org.springframework.beans.factory.config.PropertyPlaceholderConfigurer">
        <property name="locations">
            <list>
                <value>classpath*:mysql.properties</value>
            </list>
        </property>
    </bean>
    <!-- 获取数据源 -->
    <bean id="ds" class="org.apache.commons.dbcp2.BasicDataSource">
        <property name="driverClassName" value="${driverClassName}"></property>
        <property name="url" value="${url}"></property>
        <property name="username" value="${username}"></property>
        <property name="password" value="${password}"></property>
    </bean>

<!--    <mvc:annotation-driven conversion-service="myConvert"></mvc:annotation-driven>-->

    <!-- 配置视图解析器 -->
<!--    <bean class="org.springframework.web.servlet.view.InternalResourceViewResolver">-->
<!--        <property name="prefix" value="/"></property>-->
<!--        <property name="suffix" value=".html"></property>-->
<!--    </bean>-->

    <!--
      静态资源，不需要经过controller
      location : 静态资源的在服务器上的物理路径
      mapping ：浏览器访问静态资源的请求路径
  -->
    <mvc:resources location="/static/" mapping="/*"/>
    <!--    <mvc:resources location="css/" mapping="css/**"/>-->
<!--    <mvc:resources location="js/" mapping="js/**"/>-->
    <mvc:annotation-driven/>

<!--    &lt;!&ndash; 配置文件上传解析器 &ndash;&gt;-->
<!--    <bean id="multipartResolver" class="org.springframework.web.multipart.commons.CommonsMultipartResolver">-->
<!--        &lt;!&ndash; 设置上传文件的最大尺寸为 5MB &ndash;&gt;-->
<!--        <property name="maxUploadSize">-->
<!--            <value>5242880</value>-->
<!--        </property>-->
<!--    </bean>-->

<!--    <mvc:interceptors>-->
<!--        <mvc:interceptor>-->
<!--            <mvc:mapping path="/**"/>-->
<!--            <bean class="club.banyuan.interceptor.MyInterceptor1"/>-->
<!--        </mvc:interceptor>-->
<!--        <mvc:interceptor>-->
<!--            <mvc:mapping path="/**"/>-->
<!--            <bean class="club.banyuan.interceptor.MyInterceptor2"/>-->
<!--        </mvc:interceptor>-->
<!--    </mvc:interceptors>-->
</beans>
