<?xml version="1.0" encoding="UTF-8"?>
<!DOCTYPE configuration     PUBLIC "-//mybatis.org//DTD Config 3.0//EN"
        "http://mybatis.org/dtd/mybatis-3-config.dtd">
<configuration>
<!--    让mapper文件中的type属性只写类名，不用写包名-->
    <typeAliases>
        <package name="club.banyuan.pojo"/>
        <package name="club.banyuan.vo"/>
    </typeAliases>

    <environments default="mysql">
        <environment id="mysql">
            <transactionManager type="JDBC"></transactionManager>
            <dataSource type="POOLED">
                <property name="driver" value="com.mysql.cj.jdbc.Driver"/>
                <property name="url" value="jdbc:mysql://localhost:3306/Hrms?&amp;useSSL=false&amp;serverTimezone=UTC"/>
                <property name="username" value="root"/>
                <property name="password" value="88888888"/>
            </dataSource>
        </environment>
    </environments>

    <mappers>
        <mapper resource="club/banyuan/dao/ImpDao.xml"/>
    </mappers>

</configuration>

